Elemento,Link
Curso Excel Online,https://www.hashtagtreinamentos.com/curso-de-excel-online
Curso Power BI Online,https://www.hashtagtreinamentos.com/curso-power-bi
Curso de Python Online,https://www.hashtagtreinamentos.com/curso-python
Outros Cursos,https://www.hashtagtreinamentos.com/todos-os-cursos#
Curso de SQL,https://www.hashtagtreinamentos.com/curso-sql
Curso de VBA Excel,https://www.hashtagtreinamentos.com/curso-vba-excel
Curso de PowerPoint Online,https://www.hashtagtreinamentos.com/curso-powerpoint
Todos os Cursos,https://www.hashtagtreinamentos.com/todos-os-cursos-hashtag-treinamentos
Treinamentos para Empresas,https://www.hashtagtreinamentos.com/treinamentos-corporativos
Blog,https://www.hashtagtreinamentos.com/blog
Contato,https://www.hashtagtreinamentos.com/contato
